{
  "IsEncrypted": false,
  "Values": {
    "AzureWebJobsStorage": "UseDevelopmentStorage=true",
    "FUNCTIONS_WORKER_RUNTIME": "python",
    "RAG_MODE": "text",
    "AZURE_SEARCH_ENDPOINT": "https://xrs-nexus-dev-search.search.windows.net",
    "AZURE_SEARCH_KEY": "",
    "APPINSIGHTS_CONNECTION_STRING": "InstrumentationKey=81ee5066-f256-411e-be49-138cd3e52eaa;IngestionEndpoint=https://eastus-8.in.applicationinsights.azure.com/;LiveEndpoint=https://eastus.livediagnostics.monitor.azure.com/;ApplicationId=5e0558d6-8bc0-4bfa-90c2-7e0b14457a8a",
    "APPLICATIONINSIGHTS_CONNECTION_STRING": "InstrumentationKey=81ee5066-f256-411e-be49-138cd3e52eaa;IngestionEndpoint=https://eastus-8.in.applicationinsights.azure.com/;LiveEndpoint=https://eastus.livediagnostics.monitor.azure.com/;ApplicationId=5e0558d6-8bc0-4bfa-90c2-7e0b14457a8a",
    "APPINSIGHTS_INSTRUMENTATIONKEY": "81ee5066-f256-411e-be49-138cd3e52eaa"
  }
}